fold,mae_A
1,0.0016999000506779333
2,0.0028077325194708264
3,0.0019963808238354325
4,0.0016888351621220175
5,0.0023616776342898303
mean,0.002110905238079208
std,0.0004262955100256151
