fold,mae_A
1,0.0036179259344855147
2,0.0034743121539536335
3,0.0038140088932748606
4,0.003723967432793163
5,0.0037532102753665775
mean,0.0036766849379747495
std,0.00011946296035337356
