fold,mae_A
1,0.0028931797795689325
2,0.002979124644743402
3,0.00255127495869487
4,0.00290790977287786
5,0.002919918957804004
mean,0.0028502816227378137
std,0.00015232604730958793
