fold,mae_A
1,0.002166863478548484
2,0.004316587439082923
3,0.001967412819384186
4,0.002583715552285913
5,0.00201642703069978
mean,0.0026102012640002573
std,0.0008803122727885901
