fold,mae_A
1,0.001741506732948408
2,0.002984936437881401
3,0.002001387803937272
4,0.0022904152797733396
5,0.001943421677847447
mean,0.0021923335864775734
std,0.00043347470066984776
